Standard, https://www.dublincore.org/specifications/dublin-core/dcmi-terms/ 
Metadata properties,Description
Contributor,Scottish Government Communities Analysis Division
Coverage,"Scotland, GB"
Creator,Scottish Government Communities Analysis Division
Date,2020
Description,The Scottish Government's standard tool to identify areas of multiple deprivation in Scotland.
Format,"text/csv, application/vnd.openxmlformats-officedocument.spreadsheetml.sheet"
Identifier,NA
Language,en-GB
Publisher,Scottish Government
Relation,https://www.gov.scot/collections/scottish-index-of-multiple-deprivation-2020/
Rights,open government licence version 3
Source,NA
Subject,"socioeconomic, deprivation"
Title,Scottish Index of Multiple Deprivation 2020
Type,Dataset
