Health Board,Council_area
Ayrshire and Arran,East Ayrshire
Ayrshire and Arran,North Ayrshire
Ayrshire and Arran,South Ayrshire
Borders,Scottish Borders
Dumfries and Galloway,Dumfries and Galloway
Fife,Fife
Forth Valley,Clackmannanshire
Forth Valley,Falkirk
Forth Valley,Stirling
Grampian,Aberdeenshire
Grampian,Aberdeen City
Grampian,Moray
Greater Glasgow and Clyde,Glasgow City
Greater Glasgow and Clyde,Inverclyde
Greater Glasgow and Clyde,East Dunbartonshire
Greater Glasgow and Clyde,East Renfrewshire
Greater Glasgow and Clyde,Renfrewshir
Greater Glasgow and Clyde,West Dunbartonshire
Highland,Argyll and Bute
Highland,Highland
Lanarkshire,North Lanarkshire
Lanarkshire,South Lanarkshire
Lothian,City of Edinburgh
Lothian,East Lothian
Lothian,Midlothian
Lothian,West Lothian
Orkney,Orkney Islands
Shetland,Shetland Islands
Tayside,Angus
Tayside,Dundee City
Tayside,Perth and Kinross
Western Isles (Eileanan Siar),Na h-Eileanan an Iar
