Standard, https://www.dublincore.org/specifications/dublin-core/dcmi-terms/ ,,Dublin Core examples
Metadata properties,Description,Recommended format,Details
Contributor,An entity responsible for making contributions to the resource,Free text, https://www.dublincore.org/specifications/dublin-core/dcmi-terms/terms/contributor/
Coverage,"The spatial or temporal topic of the resource, the spatial applicability of the resource, or the jurisdiction under which the resource is relevant.",Controlled vocabulary,https://www.dublincore.org/specifications/dublin-core/dcmi-terms/terms/coverage/
Creator, An entity primarily responsible for making the resource.,Literal value,https://www.dublincore.org/specifications/dublin-core/dcmi-terms/terms/creator/
Date,A point or period of time associated with an event in the lifecycle of the resource.,ISO 8601-1,https://www.dublincore.org/specifications/dublin-core/dcmi-terms/terms/date/
Description,"An account of the resource. (Description may include but is not limited to: an abstract, a table of contents, a graphical representation, or a free",Free text,https://www.dublincore.org/specifications/dublin-core/dcmi-terms/terms/description/
Format,"The file format, physical medium, or dimensions of the resource.",Controlled vocabulary,https://www.dublincore.org/specifications/dublin-core/dcmi-terms/terms/format/
Identifier,An unambiguous reference to the resource within a given context.,E.g. ISBN DOI URN,https://www.dublincore.org/specifications/dublin-core/dcmi-terms/terms/identifier/
Language,A language of the resource.,Controlled vocabulary, https://www.dublincore.org/specifications/dublin-core/dcmi-terms/terms/language/
Publisher,An entity responsible for making the resource available.,Literal value,https://www.dublincore.org/specifications/dublin-core/dcmi-terms/terms/publisher/
Relation,A related resource.,ISBN DOI URN URI,https://www.dublincore.org/specifications/dublin-core/dcmi-terms/terms/relation/
Rights,Information about rights held in and over the resource.,Literal value,https://www.dublincore.org/specifications/dublin-core/dcmi-terms/terms/rights/
Source,A related resource from which the described resource is derived.,ISBN DOI URN URI,https://www.dublincore.org/specifications/dublin-core/dcmi-terms/terms/source/
Subject,The topic of the resource.,Controlled vocabulary or literal value,https://www.dublincore.org/specifications/dublin-core/dcmi-terms/terms/subject/
Title,A name given to the resource.,Free text, https://www.dublincore.org/specifications/dublin-core/dcmi-terms/terms/title/
Type,The nature or genre of the resource.,Controlled vocabulary,https://www.dublincore.org/specifications/dublin-core/dcmi-terms/terms/type/
