Metadata,
Contributor,Bernhard Scheliga
Contributor,Jessica Butler
Coverage,"Scotland, GB"
Creator,Bernhard Scheliga
Date,2020
Description,"Single resource with demographic, socioeconomic, and deprivation measures for Scotland"
Format,text/csv
Identifier,NA
Language,en-GB
Publisher,University of Aberdeen
Relation,"Scotland Vulnerability Resource documentation, https://github.com/AbdnCHDS/Scotland_Vulnerability_Resource"
Rights,MIT license
Source,SIMD+2020v2+-+postcode+lookup.xls from https://www.gov.scot/collections/scottish-index-of-multiple-deprivation-2020/. (Accessed: 9th June 2020)
Source,SIMD+2020v2+-+datazone+lookup.xlsx from https://www.gov.scot/collections/scottish-index-of-multiple-deprivation-2020/. (Accessed: 9th June 2020)
Source,SIMD+2020v2+-+indicators.xlsx from https://www.gov.scot/collections/scottish-index-of-multiple-deprivation-2020/. (Accessed: 9th June 2020);
Subject,"demographic, socioeconomic, deprivation, health data"
Title,Scotland Vulnerability Resource
Type,Dataset
